{"cameraMode":{"drawMode":0,"name":"Shaded","section":"Shading Mode"},"sceneLighting":true,"audioPlay":false,"sceneViewState":{"m_AlwaysRefresh":false,"showFog":true,"showSkybox":true,"showFlares":true,"showImageEffects":true,"showParticleSystems":true,"showVisualEffectGraphs":true,"m_FxEnabled":true},"in2DMode":false,"pivot":{"x":-10.13241958618164,"y":14.572208404541016,"z":0.32332363724708559},"rotation":{"x":0.2668749988079071,"y":0.6153967976570129,"z":-0.2335115522146225,"w":0.7042778134346008},"size":0.03231488913297653,"orthographic":false}